Workbook

Sheet Instructions
A1: [Description] Outliers and Influence Diagnostics
A3: Outliers and Influence Diagnostics Worksheet
A5: Dataset: | B5: birds.txt (6 observations selected)
A6: X variable: | B6: LNSURF (log of lake surface area)
A7: Y variable: | B7: ABUNDANCE (bird species abundance)
A9: Learning Objectives:
A11: 1. Understand leverage (hᵢᵢ) and its meaning in regression
A12: 2. Calculate studentized residuals to identify outliers
A13: 3. Compute Cook's Distance to measure influence
A14: 4. Distinguish between outliers and influential points
A17: Key Formulas:
A19: Leverage: | B19: hᵢᵢ = 1/n + (xᵢ - x̄)² / SSₓ
A20: Studentized Residual: | B20: rᵢ = eᵢ / (s × √(1 - hᵢᵢ))
A21: Cook's Distance: | B21: Dᵢ = eᵢ² × hᵢᵢ / (p × MSE × (1-hᵢᵢ)²)
A24: Thresholds:
A25: Leverage: hᵢᵢ > 2p/n is high leverage
A26: Studentized: |rᵢ| > 2 suggests outlier
A27: Cook's: Dᵢ > 1 (or > 4/n) suggests influential
A29: Color Guide:
B31: Given Data (Input)
B32: Intermediate Calculations
B33: Your Answer (Enter here)
B34: Correct Answer (✓)
B35: Incorrect Answer (✗)

Sheet Step0_Data_Overview
A1: [Description] Birds Dataset - Selected observations for diagnostics practice
A3: Obs | B3: X (LNSURF) | C3: Y (ABUNDANCE) | E3: Summary Statistics | G3: Check
A4: 1 | B4: -2.3 | C4: 5.3 | E4: n | G4: =IF(F4="","",IF(F4=6,"✓","✗"))
A5: 2 | B5: 0 | C5: 13.8 | E5: x̄ (mean X) | G5: =IF(F5="","",IF(ABS(F5-1.7283)<0.001,"✓","✗"))
A6: 3 | B6: 0.69 | C6: 1.8 | E6: ȳ (mean Y) | G6: =IF(F6="","",IF(ABS(F6-16.95)<0.01,"✓","✗"))
A7: 4 | B7: 1.79 | C7: 19.5 | E7: SS_x = Σ(x-x̄)² | G7: =IF(F7="","",IF(ABS(F7-54.3419)<0.01,"✓","✗"))
A8: 5 | B8: 2.71 | C8: 30.4
A9: 6 | B9: 7.48 | C9: 30.9

Sheet Step1_Leverage
A1: [Description] STEP 1: Calculate Leverage (h_ii) for each observation
A3: Formula: h_ii = 1/n + (x_i - x̄)² / SS_x
A5: Obs | B5: x_i | C5: x_i - x̄ | D5: (x_i - x̄)² | E5: h_ii = 1/n + (x_i-x̄)²/SS_x | F5: Check
A6: 1 | B6: -2.3 | C6: -4.0283 | D6: 16.2275 | F6: =IF(E6="","",IF(ABS(E6-Answer_Key!F12)<0.01,"✓","✗"))
A7: 2 | B7: 0 | C7: -1.7283 | D7: 2.9871 | F7: =IF(E7="","",IF(ABS(E7-Answer_Key!F13)<0.01,"✓","✗"))
A8: 3 | B8: 0.69 | C8: -1.0383 | D8: 1.0781 | F8: =IF(E8="","",IF(ABS(E8-Answer_Key!F14)<0.01,"✓","✗"))
A9: 4 | B9: 1.79 | C9: 0.0617 | D9: 0.0038 | F9: =IF(E9="","",IF(ABS(E9-Answer_Key!F15)<0.01,"✓","✗"))
A10: 5 | B10: 2.71 | C10: 0.9817 | D10: 0.9637 | F10: =IF(E10="","",IF(ABS(E10-Answer_Key!F16)<0.01,"✓","✗"))
A11: 6 | B11: 7.48 | C11: 5.7517 | D11: 33.0817 | F11: =IF(E11="","",IF(ABS(E11-Answer_Key!F17)<0.01,"✓","✗"))
A14: Note: High leverage points have h_ii > 2(p+1)/n
A15: For this data: threshold = 2×2/6 = 0.667
A16: Observation 6 (x=7.48) has the highest leverage!

Sheet Step2_Residuals
A1: [Description] STEP 2: Calculate Residuals and Studentized Residuals
A3: Regression: ŷ = β̂₀ + β̂₁x
A4: β̂₀ = 11.8071, β̂₁ = 2.9756
A5: MSE = 69.0027, s = √MSE = 8.3068
A7: Obs | B7: y_i | C7: ŷ_i | D7: e_i = y-ŷ | E7: h_ii | F7: s√(1-h_ii) | G7: r_i (studentized) | H7: Check
A8: 1 | B8: 5.3 | C8: 4.96 | D8: 0.34 | E8: 0.4653 | F8: 6.0743 | H8: =IF(G8="","",IF(ABS(G8-Answer_Key!G12)<0.01,"✓","✗"))
A9: 2 | B9: 13.8 | C9: 11.81 | D9: 1.99 | E9: 0.2216 | F9: 7.3287 | H9: =IF(G9="","",IF(ABS(G9-Answer_Key!G13)<0.01,"✓","✗"))
A10: 3 | B10: 1.8 | C10: 13.86 | D10: -12.06 | E10: 0.1865 | F10: 7.4922 | H10: =IF(G10="","",IF(ABS(G10-Answer_Key!G14)<0.01,"✓","✗"))
A11: 4 | B11: 19.5 | C11: 17.13 | D11: 2.37 | E11: 0.1667 | F11: 7.5827 | H11: =IF(G11="","",IF(ABS(G11-Answer_Key!G15)<0.01,"✓","✗"))
A12: 5 | B12: 30.4 | C12: 19.87 | D12: 10.53 | E12: 0.1844 | F12: 7.5019 | H12: =IF(G12="","",IF(ABS(G12-Answer_Key!G16)<0.01,"✓","✗"))
A13: 6 | B13: 30.9 | C13: 34.06 | D13: -3.16 | E13: 0.7754 | F13: 3.9364 | H13: =IF(G13="","",IF(ABS(G13-Answer_Key!G17)<0.01,"✓","✗"))
A16: Note: |r_i| > 2 suggests an outlier

Sheet Step3_Cooks_Distance
A1: [Description] STEP 3: Calculate Cook's Distance
A3: Formula: D_i = e_i² × h_ii / (p × MSE × (1-h_ii)²)
A4: Alternative: D_i = r_i² × h_ii / (p × (1-h_ii))
A5: where p = 2 (intercept + 1 predictor), MSE = 69.0027
A7: Obs | B7: e_i | C7: e_i² | D7: h_ii | E7: 1-h_ii | F7: (1-h_ii)² | G7: D_i (Cook's) | H7: Check
A8: 1 | B8: 0.34 | C8: 0.11 | D8: 0.4653 | E8: 0.5347 | F8: 0.2859 | H8: =IF(G8="","",IF(ABS(G8-Answer_Key!H12)<0.01,"✓","✗"))
A9: 2 | B9: 1.99 | C9: 3.97 | D9: 0.2216 | E9: 0.7784 | F9: 0.6059 | H9: =IF(G9="","",IF(ABS(G9-Answer_Key!H13)<0.01,"✓","✗"))
A10: 3 | B10: -12.06 | C10: 145.45 | D10: 0.1865 | E10: 0.8135 | F10: 0.6618 | H10: =IF(G10="","",IF(ABS(G10-Answer_Key!H14)<0.01,"✓","✗"))
A11: 4 | B11: 2.37 | C11: 5.6 | D11: 0.1667 | E11: 0.8333 | F11: 0.6943 | H11: =IF(G11="","",IF(ABS(G11-Answer_Key!H15)<0.01,"✓","✗"))
A12: 5 | B12: 10.53 | C12: 110.86 | D12: 0.1844 | E12: 0.8156 | F12: 0.6652 | H12: =IF(G12="","",IF(ABS(G12-Answer_Key!H16)<0.01,"✓","✗"))
A13: 6 | B13: -3.16 | C13: 10.02 | D13: 0.7754 | E13: 0.2246 | F13: 0.0504 | H13: =IF(G13="","",IF(ABS(G13-Answer_Key!H17)<0.01,"✓","✗"))
A16: Influential point: D_i > 4/n = 4/6 = 0.667 or D_i > 1
A17: Compare observation 3 (outlier in Y) vs observation 6 (high leverage)
A19: Understanding Outliers vs Influential Points:
A20: - Outlier: observation with large residual (far from regression line)
A21: - High Leverage: observation with extreme X value (far from mean X)
A22: - Influential Point: observation that significantly affects regression coefficients
A24: Example from this data:
A25: - Obs 3: Outlier (large |r_i|=-1.61) but low leverage (h=0.19) -> moderate influence (D=0.30)
A26: - Obs 6: High leverage (h=0.78) but small residual (r=-0.80) -> high influence (D=1.12)
A27: - Conclusion: Obs 6 is more influential because high leverage amplifies its effect
A29: INTERPRETATION:
A31: Outlier vs Influential Point:
... A38: Which observation(s) are influential? (D_i > 1 or D_i > 4/n)

Sheet Answer_Key
A1: [Description] Answer Key - All Solutions
A3: Regression Summary:
A4: β̂₀ = 11.8071
A5: β̂₁ = 2.9756
A6: x̄ = 1.7283
A7: SS_x = 54.3419
A8: MSE = 69.0027
A9: s = 8.3068
A11: Obs | B11: x_i | C11: y_i | D11: ŷ_i | E11: e_i | F11: h_ii | G11: r_i | H11: Cook's D
A12: 1 | B12: -2.3 | C12: 5.3 | D12: 4.96 | E12: 0.34 | F12: 0.4653 | G12: 0.0555 | H12: 0.0013
A13: 2 | B13: 0 | C13: 13.8 | D13: 11.81 | E13: 1.99 | F13: 0.2216 | G13: 0.2719 | H13: 0.0105
A14: 3 | B14: 0.69 | C14: 1.8 | D14: 13.86 | E14: -12.06 | F14: 0.1865 | G14: -1.6097 | H14: 0.297
A15: 4 | B15: 1.79 | C15: 19.5 | D15: 17.13 | E15: 2.37 | F15: 0.1667 | G15: 0.3121 | H15: 0.0097
A16: 5 | B16: 2.71 | C16: 30.4 | D16: 19.87 | E16: 10.53 | F16: 0.1844 | G16: 1.4035 | H16: 0.2227
A17: 6 | B17: 7.48 | C17: 30.9 | D17: 34.06 | E17: -3.16 | F17: 0.7754 | G17: -0.804 | H17: 1.116
A20: Interpretation:
A21: - Obs 3: Large negative residual (e=-12.06, r=-1.61) -> Y outlier, but low leverage (h=0.19)
A22: - Obs 6: Highest leverage (h=0.78) -> extreme X value, but small residual (r=-0.80)
A23: - Cook's D shows Obs 6 (D=1.12) is most influential, followed by Obs 3 (D=0.30)
A25: Key Distinction: Outliers vs Influential Points
A26: - An outlier has unusual Y for its X (large studentized residual)
A27: - A high leverage point has unusual X (far from mean X)
A28: - An influential point changes regression results when removed
A29: - A point can be an outlier without being influential (Obs 3)
A30: - A high leverage point with small residual can still be influential (Obs 6)
A32: Distinction between outliers and influential:
A33: Obs 3: |r_3| = 1.61 (moderate outlier), D_3 = 0.297 (not influential by D>1 rule)
... A35: Obs 6 is influential due to extreme leverage (h=0.78), not because of large residual.
